{
    "name": "root",
    "gauges": {
        "CubeAgent.Policy.Entropy.mean": {
            "value": 1.4008840322494507,
            "min": 1.3989471197128296,
            "max": 1.4249117374420166,
            "count": 10
        },
        "CubeAgent.Policy.Entropy.sum": {
            "value": 2790.56103515625,
            "min": 2758.7236328125,
            "max": 2872.6220703125,
            "count": 10
        },
        "CubeAgent.Step.mean": {
            "value": 19978.0,
            "min": 1999.0,
            "max": 19978.0,
            "count": 10
        },
        "CubeAgent.Step.sum": {
            "value": 19978.0,
            "min": 1999.0,
            "max": 19978.0,
            "count": 10
        },
        "CubeAgent.Policy.ExtrinsicValueEstimate.mean": {
            "value": -0.00547375762835145,
            "min": -0.05034540593624115,
            "max": 0.024922288954257965,
            "count": 10
        },
        "CubeAgent.Policy.ExtrinsicValueEstimate.sum": {
            "value": -0.443374365568161,
            "min": -2.51727032661438,
            "max": 1.8691717386245728,
            "count": 10
        },
        "CubeAgent.Losses.PolicyLoss.mean": {
            "value": 0.2242991900657195,
            "min": 0.2242991900657195,
            "max": 0.2524396961689207,
            "count": 10
        },
        "CubeAgent.Losses.PolicyLoss.sum": {
            "value": 3.8130862311172313,
            "min": 3.6955943550142454,
            "max": 4.448740842834628,
            "count": 10
        },
        "CubeAgent.Losses.ValueLoss.mean": {
            "value": 0.004756713016207132,
            "min": 0.00030570331009994523,
            "max": 0.012079491516959091,
            "count": 10
        },
        "CubeAgent.Losses.ValueLoss.sum": {
            "value": 0.08086412127552124,
            "min": 0.005196956271699069,
            "max": 0.20535135578830455,
            "count": 10
        },
        "CubeAgent.Policy.LearningRate.mean": {
            "value": 1.5344212532352937e-05,
            "min": 1.5344212532352937e-05,
            "max": 0.00028440563019812497,
            "count": 10
        },
        "CubeAgent.Policy.LearningRate.sum": {
            "value": 0.0002608516130499999,
            "min": 0.0002608516130499999,
            "max": 0.0045504900831699995,
            "count": 10
        },
        "CubeAgent.Policy.Epsilon.mean": {
            "value": 0.10511470588235296,
            "min": 0.10511470588235296,
            "max": 0.19480187499999999,
            "count": 10
        },
        "CubeAgent.Policy.Epsilon.sum": {
            "value": 1.7869500000000003,
            "min": 1.7869500000000003,
            "max": 3.1458350000000004,
            "count": 10
        },
        "CubeAgent.Policy.Beta.mean": {
            "value": 0.0005,
            "min": 0.0005,
            "max": 0.0005,
            "count": 10
        },
        "CubeAgent.Policy.Beta.sum": {
            "value": 0.0085,
            "min": 0.008,
            "max": 0.009000000000000001,
            "count": 10
        },
        "CubeAgent.Environment.EpisodeLength.mean": {
            "value": 23.59259259259259,
            "min": 12.389261744966444,
            "max": 59.60606060606061,
            "count": 10
        },
        "CubeAgent.Environment.EpisodeLength.sum": {
            "value": 1911.0,
            "min": 1846.0,
            "max": 1967.0,
            "count": 10
        },
        "CubeAgent.Environment.CumulativeReward.mean": {
            "value": -0.0003086422874741716,
            "min": -0.08669697328922198,
            "max": 0.017960000437063476,
            "count": 10
        },
        "CubeAgent.Environment.CumulativeReward.sum": {
            "value": -0.0250000252854079,
            "min": -2.8610001185443252,
            "max": 1.6010000602109358,
            "count": 10
        },
        "CubeAgent.Policy.ExtrinsicReward.mean": {
            "value": -0.0003086422874741716,
            "min": -0.08669697328922198,
            "max": 0.017960000437063476,
            "count": 10
        },
        "CubeAgent.Policy.ExtrinsicReward.sum": {
            "value": -0.0250000252854079,
            "min": -2.8610001185443252,
            "max": 1.6010000602109358,
            "count": 10
        },
        "CubeAgent.IsTraining.mean": {
            "value": 1.0,
            "min": 1.0,
            "max": 1.0,
            "count": 10
        },
        "CubeAgent.IsTraining.sum": {
            "value": 1.0,
            "min": 1.0,
            "max": 1.0,
            "count": 10
        }
    },
    "metadata": {
        "timer_format_version": "0.1.0",
        "start_time_seconds": "1713279053",
        "python_version": "3.9.18 (main, Sep 11 2023, 14:09:26) [MSC v.1916 64 bit (AMD64)]",
        "command_line_arguments": "C:\\ProgramData\\anaconda3\\envs\\MachineLearning\\Scripts\\mlagents-learn config/CubeAgent.yaml --run-id=CubeAgent --force",
        "mlagents_version": "0.30.0",
        "mlagents_envs_version": "0.30.0",
        "communication_protocol_version": "1.5.0",
        "pytorch_version": "1.7.1+cu110",
        "numpy_version": "1.21.2",
        "end_time_seconds": "1713279585"
    },
    "total": 531.4047134,
    "count": 1,
    "self": 0.020252600000048915,
    "children": {
        "run_training.setup": {
            "total": 0.16548760000000007,
            "count": 1,
            "self": 0.16548760000000007
        },
        "TrainerController.start_learning": {
            "total": 531.2189731999999,
            "count": 1,
            "self": 0.6642405000002327,
            "children": {
                "TrainerController._reset_env": {
                    "total": 12.1401762,
                    "count": 1,
                    "self": 12.1401762
                },
                "TrainerController.advance": {
                    "total": 518.2233347999996,
                    "count": 20723,
                    "self": 0.5658065000055785,
                    "children": {
                        "env_step": {
                            "total": 408.09064239999884,
                            "count": 20723,
                            "self": 313.2132913000004,
                            "children": {
                                "SubprocessEnvManager._take_step": {
                                    "total": 94.47680689999595,
                                    "count": 20725,
                                    "self": 1.830869100000669,
                                    "children": {
                                        "TorchPolicy.evaluate": {
                                            "total": 92.64593779999528,
                                            "count": 20029,
                                            "self": 92.64593779999528
                                        }
                                    }
                                },
                                "workers": {
                                    "total": 0.4005442000025088,
                                    "count": 20723,
                                    "self": 0.0,
                                    "children": {
                                        "worker_root": {
                                            "total": 469.05720159999817,
                                            "count": 20723,
                                            "is_parallel": true,
                                            "self": 234.71321699999717,
                                            "children": {
                                                "steps_from_proto": {
                                                    "total": 0.0019706000000052626,
                                                    "count": 3,
                                                    "is_parallel": true,